{
  "accuracy": 0.7864549204024207,
  "macro_f1": 0.6413267577686936,
  "weighted_f1": 0.8425596974173696,
  "macro_precision": 0.5913730321251255,
  "macro_recall": 0.7734587183531234
}