{
  "accuracy": 0.8657055853216667,
  "macro_f1": 0.6856138369607057,
  "weighted_f1": 0.8990119176332015,
  "macro_precision": 0.6496399114745336,
  "macro_recall": 0.810662113533696,
  "per_class": {
    "Center": {
      "precision": 0.7642585551330798,
      "recall": 0.9363354037267081,
      "f1": 0.8415910676901605,
      "support": 644
    },
    "Donut": {
      "precision": 0.6260162601626016,
      "recall": 0.927710843373494,
      "f1": 0.7475728155339806,
      "support": 83
    },
    "Edge-Loc": {
      "precision": 0.3812189054726368,
      "recall": 0.7869062901155327,
      "f1": 0.5136154168412232,
      "support": 779
    },
    "Edge-Ring": {
      "precision": 0.9625,
      "recall": 0.9545454545454546,
      "f1": 0.9585062240663901,
      "support": 1452
    },
    "Loc": {
      "precision": 0.5492063492063493,
      "recall": 0.3209647495361781,
      "f1": 0.405152224824356,
      "support": 539
    },
    "Near-full": {
      "precision": 0.875,
      "recall": 0.9545454545454546,
      "f1": 0.9130434782608695,
      "support": 22
    },
    "Random": {
      "precision": 0.6402116402116402,
      "recall": 0.9307692307692308,
      "f1": 0.7586206896551724,
      "support": 130
    },
    "Scratch": {
      "precision": 0.05578300921187308,
      "recall": 0.6089385474860335,
      "f1": 0.10220346929207688,
      "support": 179
    },
    "none": {
      "precision": 0.992564483872622,
      "recall": 0.8752430477051775,
      "f1": 0.9302191464821222,
      "support": 22115
    }
  }
}